<?xml version="1.0" encoding="UTF-8"?>
<packmetadata>
	<modifiedModules/>
	<department>NC平台技术部</department>
	<canAppliedOS>Linux,Windows,AIX,Solaris</canAppliedOS>
	<modifiedJavaClasses>nc.impl.uap.pf.PFMobileAppServiceImpl,nc.vo.pf.mobileapp.query.ApproveDetailQuery,nc.vo.pf.mobileapp.MobileAppUtil,nc.vo.pf.mobileapp.MobileAppUtil$2,nc.vo.pf.mobileapp.MobileAppUtil$1,nc.impl.uap.pf.PFMobileAppServiceImpl$2,nc.impl.uap.pf.PFMobileAppServiceImpl$1,nc.impl.uap.pf.PFMobileAppServiceImpl$4,nc.vo.pf.mobileapp.query.ApproveDetailQuery$1,nc.impl.uap.pf.PFMobileAppServiceImpl$3,nc.vo.pf.mobileapp.query.ApproveDetailQuery$2</modifiedJavaClasses>
	<applyVersion>5.0,5.01,5.011,5.02,5.3,5.5,5.6,5.7,5.75,6.0,6.1</applyVersion>
	<needRecreatedLoginJar>false</needRecreatedLoginJar>
	<provider>penglan5</provider>
	<searchKeys/>
	<needDeploy>false</needDeploy>
	<patchType>BUG修复补丁</patchType>
	<canAppliedDB>DB2 V9.7,SQL Server 2008 R2,Oracle 10,Oracle 11</canAppliedDB>
	<id>ed0a4783-068b-468d-aad2-802aeb999e04</id>
	<time>2018-08-27 16:45:49</time>
	<dependInfo/>
	<bugs/>
	<patchVersion/>
	<description/>
	<canAppliedMiddleware>Weblogic,Websphere 7.0,Yonyou Middleware V5,Yonyou Middleware V6</canAppliedMiddleware>
	<patchName>patch_65移动审批合补丁</patchName>
	<patchPriority>高危补丁</patchPriority>
</packmetadata>
